{"loss": [1.243393923350117, 1.2046939939215802, 1.1942123648734286, 1.1845933382836418, 1.1789717538603421, 1.171017749020006, 1.169234659682507, 1.1705336769660195, 1.1665753665713892, 1.1632606223426658], "acc": [0.5454272863568216, 0.5574212893553223, 0.5493253373313344, 0.5574212893553223, 0.5604197901049476, 0.5658170914542728, 0.5622188905547226, 0.5670164917541229, 0.5625187406296852, 0.5604197901049476], "test": {"loss": 1.3619217009379947, "acc": 0.5448275862068965}}