{"test": {"acc": 0.5310344827586206, "loss": 0.34312179055193376}, "acc": [0.5118440779610195, 0.5139430284857571, 0.5280359820089955, 0.5190404797601199, 0.5139430284857571, 0.5223388305847076, 0.5208395802098951, 0.5130434782608696, 0.519640179910045, 0.5136431784107947], "loss": [0.33418191010797454, 0.32262361925193556, 0.3200216306030168, 0.32184027275255056, 0.31913807624159773, 0.31734318060918676, 0.32066399818132857, 0.31852648020920626, 0.31918585166454005, 0.31887024532837865]}