{"loss": [0.9365592627113002, 0.9365559763432252, 0.9365559763432252, 0.9365559763432252, 0.9365559763432252, 0.9365559763432252, 0.9365559763432252, 0.9365559763432252, 0.9365559763432252, 0.9365559763432252], "test": {"loss": 0.9728686708514973, "acc": 0.5423728813559322}, "acc": [0.5276344878408253, 0.52689756816507, 0.52689756816507, 0.52689756816507, 0.52689756816507, 0.52689756816507, 0.52689756816507, 0.52689756816507, 0.52689756816507, 0.52689756816507]}