{"loss": [1.6596466311436853, 1.6596466311436853, 1.6596466311436853, 1.6596466311436853, 1.6596466311436853, 1.6596466311436853, 1.6596466311436853, 1.6596466311436853, 1.6596466311436853, 1.6596466311436853], "test": {"loss": 1.8749548408944727, "acc": 0.2542372881355932}, "acc": [0.3522476050110538, 0.3522476050110538, 0.3522476050110538, 0.3522476050110538, 0.3522476050110538, 0.3522476050110538, 0.3522476050110538, 0.3522476050110538, 0.3522476050110538, 0.3522476050110538]}