{"loss": [0.25128115411493335, 0.23364198557805077, 0.22759680806178967, 0.22702840358019993, 0.22168978924634414, 0.22399512755546358, 0.21984157756825226, 0.21961593212341646, 0.2176733052966709, 0.2176178016551544], "test": {"loss": 0.20966820018287052, "acc": 0.559322033898305}, "acc": [0.6094325718496684, 0.5976418570375829, 0.6057479734708917, 0.6005895357406043, 0.6182756079587325, 0.6020633750921149, 0.6123802505526897, 0.6020633750921149, 0.6094325718496684, 0.5976418570375829]}